Seq_ID,Original_ID,box_loc,Sample_Type,Sample_source,collection_date,CT,starting_quant,Template_dilution,Primer_Conc,NGS_Prep_Method,amp_date,NGS_primers,NGS_Run_ID,NGS_Date,Qubit_Pool1,Qubit_Pool2,Qubit_library,Reference_Genome,Lineage,%Coverage_(20x),Samtool_avg _depth,BEDfile
Yale-TB001,111-10300-18,A01,DNA,Moldova,2018-06-11,11.06,14381428.1,,200uM,Mpox/Hybrid CovidSeq,2024-02-05,TBv1.0,TB001,2024-02-12,98.2,90.4,,,,,,
Yale-TB002,111-10300-18,A01,DNA,Moldova,2018-06-11,,,1.00E-01,200uM,Mpox/Hybrid CovidSeq,2024-02-05,TBv1.0,TB001,2024-02-12,88,78,,,,,,
Yale-TB003,111-10300-18,A01,DNA,Moldova,2018-06-11,,,1.00E-02,200uM,Mpox/Hybrid CovidSeq,2024-02-05,TBv1.0,TB001,2024-02-12,66.4,70,,,,,,
Yale-TB004,111-10300-18,A01,DNA,Moldova,2018-06-11,,,1.00E-03,200uM,Mpox/Hybrid CovidSeq,2024-02-05,TBv1.0,TB001,2024-02-12,68.2,66,,,,,,
Yale-TB005,111-10300-18,A01,DNA,Moldova,2018-06-11,,,1.00E-04,200uM,Mpox/Hybrid CovidSeq,2024-02-05,TBv1.0,TB001,2024-02-12,70.8,66.8,,,,,,
Yale-TB006,444-3403-18,B06,DNA,Moldova,2018-06-29,15.62,741426.888,,200uM,Mpox/Hybrid CovidSeq,2024-02-05,TBv1.0,TB001,2024-02-12,67.8,77.4,,,,,,
Yale-TB007,444-3403-18,B06,DNA,Moldova,2018-06-29,,,1.00E-01,200uM,Mpox/Hybrid CovidSeq,2024-02-05,TBv1.0,TB001,2024-02-12,70.4,67.8,,,,,,
Yale-TB008,444-3403-18,B06,DNA,Moldova,2018-06-29,,,1.00E-02,200uM,Mpox/Hybrid CovidSeq,2024-02-05,TBv1.0,TB001,2024-02-12,79.2,65.2,,,,,,
Yale-TB009,444-3403-18,B06,DNA,Moldova,2018-06-29,,,1.00E-03,200uM,Mpox/Hybrid CovidSeq,2024-02-05,TBv1.0,TB001,2024-02-12,89.4,61.4,,,,,,
Yale-TB010,444-3403-18,B06,DNA,Moldova,2018-06-29,,,1.00E-04,200uM,Mpox/Hybrid CovidSeq,2024-02-05,TBv1.0,TB001,2024-02-12,78,39,,,,,,
Yale-TB011,NTC,,Water,,,,,,200uM,Mpox/Hybrid CovidSeq,2024-02-05,TBv1.0,TB001,2024-02-12,102,53.2,,,,,,
Yale-TB012,111-10300-18,A01,DNA,Moldova,2018-06-11,11.06,14381428.1,,200uM,ONT LoCost,2024-02-05,TBv1.0,TB002,2024-02-07,98.2,90.4,12.7,,,,,
Yale-TB013,444-3403-18,B06,DNA,Moldova,2018-06-29,15.62,741426.888,,200uM,ONT LoCost,2024-02-05,TBv1.0,TB002,2024-02-07,67.8,77.4,18.3,,,,,
Yale-TB014,NTC,,Water,,,,,,200uM,ONT LoCost,2024-02-05,TBv1.0,TB002,2024-02-07,102,53.2,0.462,,,,,
Yale-TB015,111-5264-18,A02,DNA,Moldova,,11.99,17157412.2,1.00E-01,200uM,Mpox/Hybrid CovidSeq,,TBv1.1,TB003,2024-03-08,,,,,,,,
Yale-TB016,111-5264-18,A02,DNA,Moldova,,15.28,1751267.94,1.00E-02,200uM,Mpox/Hybrid CovidSeq,,TBv1.1,TB003,2024-03-08,,,,,,,,
Yale-TB017,111-5264-18,A02,DNA,Moldova,,17.49,376850.579,1.00E-03,200uM,Mpox/Hybrid CovidSeq,,TBv1.1,TB003,2024-03-08,,,,,,,,
Yale-TB018,111-5264-18,A02,DNA,Moldova,,20.72,40331.7653,1.00E-04,200uM,Mpox/Hybrid CovidSeq,,TBv1.1,TB003,2024-03-08,,,,,,,,
Yale-TB019,111-5264-18,A02,DNA,Moldova,,23.60,5466.36394,1.00E-05,200uM,Mpox/Hybrid CovidSeq,,TBv1.1,TB003,2024-03-08,,,,,,,,
Yale-TB020,111-5264-18,A02,DNA,Moldova,,27.44,382.357293,1.00E-06,200uM,Mpox/Hybrid CovidSeq,,TBv1.1,TB003,2024-03-08,,,,,,,,
Yale-TB021,111-5264-18,A02,DNA,Moldova,,31.29,26.4917387,1.00E-07,200uM,Mpox/Hybrid CovidSeq,,TBv1.1,TB003,2024-03-08,,,,,,,,
Yale-TB022,111-5264-18,A02,DNA,Moldova,,34.26,3.38498797,2.00E-08,200uM,Mpox/Hybrid CovidSeq,,TBv1.1,TB003,2024-03-08,,,,,,,,
Yale-TB023,111-5264-18,A02,DNA,Moldova,,36.50,0.71833873,1.00E-09,200uM,Mpox/Hybrid CovidSeq,,TBv1.1,TB003,2024-03-08,,,,,,,,
Yale-TB024,111-5264-18,A02,DNA,Moldova,,NaN,NaN,1.00E-10,200uM,Mpox/Hybrid CovidSeq,,TBv1.1,TB003,2024-03-08,,,,,,,,
Yale-TB025,111-5264-18,A02,DNA,Moldova,,NaN,NaN,1.00E-11,200uM,Mpox/Hybrid CovidSeq,,TBv1.1,TB003,2024-03-08,,,,,,,,
Yale-TB026,111-5264-18,A02,DNA,Moldova,,NaN,NaN,1.00E-12,200uM,Mpox/Hybrid CovidSeq,,TBv1.1,TB003,2024-03-08,,,,,,,,
Yale-TB027,111-10712-18,A04,DNA,Moldova,,13.88,4632439.88,1.00E-01,200uM,Mpox/Hybrid CovidSeq,,TBv1.1,TB003,2024-03-08,,,,,,,,
Yale-TB028,111-10712-18,A04,DNA,Moldova,,17.06,510463.203,1.00E-02,200uM,Mpox/Hybrid CovidSeq,,TBv1.1,TB003,2024-03-08,,,,,,,,
Yale-TB029,111-10712-18,A04,DNA,Moldova,,19.72,80355.7693,1.00E-03,200uM,Mpox/Hybrid CovidSeq,,TBv1.1,TB003,2024-03-08,,,,,,,,
Yale-TB030,111-10712-18,A04,DNA,Moldova,,22.99,8329.75164,1.00E-04,200uM,Mpox/Hybrid CovidSeq,,TBv1.1,TB003,2024-03-08,,,,,,,,
Yale-TB031,111-10712-18,A04,DNA,Moldova,,26.44,763.516027,1.00E-05,200uM,Mpox/Hybrid CovidSeq,,TBv1.1,TB003,2024-03-08,,,,,,,,
Yale-TB032,111-10712-18,A04,DNA,Moldova,,29.34,102.447062,1.00E-06,200uM,Mpox/Hybrid CovidSeq,,TBv1.1,TB003,2024-03-08,,,,,,,,
Yale-TB033,111-10712-18,A04,DNA,Moldova,,33.01,8.04169095,1.00E-07,200uM,Mpox/Hybrid CovidSeq,,TBv1.1,TB003,2024-03-08,,,,,,,,
Yale-TB034,111-10712-18,A04,DNA,Moldova,,38.53,0.17521005,2.00E-08,200uM,Mpox/Hybrid CovidSeq,,TBv1.1,TB003,2024-03-08,,,,,,,,
Yale-TB035,111-10712-18,A04,DNA,Moldova,,NaN,NaN,1.00E-09,200uM,Mpox/Hybrid CovidSeq,,TBv1.1,TB003,2024-03-08,,,,,,,,
Yale-TB036,111-10712-18,A04,DNA,Moldova,,NaN,NaN,1.00E-10,200uM,Mpox/Hybrid CovidSeq,,TBv1.1,TB003,2024-03-08,,,,,,,,
Yale-TB037,111-10712-18,A04,DNA,Moldova,,NaN,NaN,1.00E-11,200uM,Mpox/Hybrid CovidSeq,,TBv1.1,TB003,2024-03-08,,,,,,,,
Yale-TB038,111-10712-18,A04,DNA,Moldova,,NaN,NaN,1.00E-12,200uM,Mpox/Hybrid CovidSeq,,TBv1.1,TB003,2024-03-08,,,,,,,,
Yale-TB039,111-2565-18,A06,DNA,Moldova,,13.86,4680915.53,1.00E-01,200uM,Mpox/Hybrid CovidSeq,,TBv1.1,TB003,2024-03-08,,,,,,,,
Yale-TB040,111-2565-18,A06,DNA,Moldova,,16.77,623033.488,1.00E-02,200uM,Mpox/Hybrid CovidSeq,,TBv1.1,TB003,2024-03-08,,,,,,,,
Yale-TB041,111-2565-18,A06,DNA,Moldova,,19.39,101388.06,1.00E-03,200uM,Mpox/Hybrid CovidSeq,,TBv1.1,TB003,2024-03-08,,,,,,,,
Yale-TB042,111-2565-18,A06,DNA,Moldova,,NaN,NaN,1.00E-04,200uM,Mpox/Hybrid CovidSeq,,TBv1.1,TB003,2024-03-08,,,,,,,,
Yale-TB043,111-2565-18,A06,DNA,Moldova,,33.31,6.55078035,1.00E-05,200uM,Mpox/Hybrid CovidSeq,,TBv1.1,TB003,2024-03-08,,,,,,,,
Yale-TB044,111-2565-18,A06,DNA,Moldova,,40.17,0.05626862,1.00E-06,200uM,Mpox/Hybrid CovidSeq,,TBv1.1,TB003,2024-03-08,,,,,,,,
Yale-TB045,111-2565-18,A06,DNA,Moldova,,NaN,NaN,1.00E-07,200uM,Mpox/Hybrid CovidSeq,,TBv1.1,TB003,2024-03-08,,,,,,,,
Yale-TB046,111-2565-18,A06,DNA,Moldova,,NaN,NaN,2.00E-08,200uM,Mpox/Hybrid CovidSeq,,TBv1.1,TB003,2024-03-08,,,,,,,,
Yale-TB047,111-2565-18,A06,DNA,Moldova,,NaN,NaN,1.00E-09,200uM,Mpox/Hybrid CovidSeq,,TBv1.1,TB003,2024-03-08,,,,,,,,
Yale-TB048,111-2565-18,A06,DNA,Moldova,,NaN,NaN,1.00E-10,200uM,Mpox/Hybrid CovidSeq,,TBv1.1,TB003,2024-03-08,,,,,,,,
Yale-TB049,111-2565-18,A06,DNA,Moldova,,NaN,NaN,1.00E-11,200uM,Mpox/Hybrid CovidSeq,,TBv1.1,TB003,2024-03-08,,,,,,,,
Yale-TB050,111-2565-18,A06,DNA,Moldova,,NaN,NaN,1.00E-12,200uM,Mpox/Hybrid CovidSeq,,TBv1.1,TB003,2024-03-08,,,,,,,,
Yale-TB051,444-2261-18,B01,DNA,Moldova,,15.64,1360938.61,1.00E-01,200uM,Mpox/Hybrid CovidSeq,,TBv1.1,TB003,2024-03-08,,,,,,,,
Yale-TB052,444-2261-18,B01,DNA,Moldova,,18.62,172898.382,1.00E-02,200uM,Mpox/Hybrid CovidSeq,,TBv1.1,TB003,2024-03-08,,,,,,,,
Yale-TB053,444-2261-18,B01,DNA,Moldova,,21.73,20068.5918,1.00E-03,200uM,Mpox/Hybrid CovidSeq,,TBv1.1,TB003,2024-03-08,,,,,,,,
Yale-TB054,444-2261-18,B01,DNA,Moldova,,25.11,1926.30201,1.00E-04,200uM,Mpox/Hybrid CovidSeq,,TBv1.1,TB003,2024-03-08,,,,,,,,
Yale-TB055,444-2261-18,B01,DNA,Moldova,,28.13,234.758735,1.00E-05,200uM,Mpox/Hybrid CovidSeq,,TBv1.1,TB003,2024-03-08,,,,,,,,
Yale-TB056,444-2261-18,B01,DNA,Moldova,,31.16,28.9943082,1.00E-06,200uM,Mpox/Hybrid CovidSeq,,TBv1.1,TB003,2024-03-08,,,,,,,,
Yale-TB057,444-2261-18,B01,DNA,Moldova,,35.17,1.79753598,1.00E-07,200uM,Mpox/Hybrid CovidSeq,,TBv1.1,TB003,2024-03-08,,,,,,,,
Yale-TB058,444-2261-18,B01,DNA,Moldova,,38.39,0.19312891,2.00E-08,200uM,Mpox/Hybrid CovidSeq,,TBv1.1,TB003,2024-03-08,,,,,,,,
Yale-TB059,444-2261-18,B01,DNA,Moldova,,NaN,NaN,1.00E-09,200uM,Mpox/Hybrid CovidSeq,,TBv1.1,TB003,2024-03-08,,,,,,,,
Yale-TB060,444-2261-18,B01,DNA,Moldova,,NaN,NaN,1.00E-10,200uM,Mpox/Hybrid CovidSeq,,TBv1.1,TB003,2024-03-08,,,,,,,,
Yale-TB061,444-2261-18,B01,DNA,Moldova,,NaN,NaN,1.00E-11,200uM,Mpox/Hybrid CovidSeq,,TBv1.1,TB003,2024-03-08,,,,,,,,
Yale-TB062,444-2261-18,B01,DNA,Moldova,,NaN,NaN,1.00E-12,200uM,Mpox/Hybrid CovidSeq,,TBv1.1,TB003,2024-03-08,,,,,,,,
Yale-TB063,444-2281-18,B02,DNA,Moldova,,16.08,1005167.66,1.00E-01,200uM,Mpox/Hybrid CovidSeq,,TBv1.1,TB003,2024-03-08,,,,,,,,
Yale-TB064,444-2281-18,B02,DNA,Moldova,,18.46,193246.358,1.00E-02,200uM,Mpox/Hybrid CovidSeq,,TBv1.1,TB003,2024-03-08,,,,,,,,
Yale-TB065,444-2281-18,B02,DNA,Moldova,,21.64,21360.6072,1.00E-03,200uM,Mpox/Hybrid CovidSeq,,TBv1.1,TB003,2024-03-08,,,,,,,,
Yale-TB066,444-2281-18,B02,DNA,Moldova,,25.10,1930.28562,1.00E-04,200uM,Mpox/Hybrid CovidSeq,,TBv1.1,TB003,2024-03-08,,,,,,,,
Yale-TB067,444-2281-18,B02,DNA,Moldova,,28.29,211.324281,1.00E-05,200uM,Mpox/Hybrid CovidSeq,,TBv1.1,TB003,2024-03-08,,,,,,,,
Yale-TB068,444-2281-18,B02,DNA,Moldova,,32.42,12.1493745,1.00E-06,200uM,Mpox/Hybrid CovidSeq,,TBv1.1,TB003,2024-03-08,,,,,,,,
Yale-TB069,444-2281-18,B02,DNA,Moldova,,36.23,0.8660951,1.00E-07,200uM,Mpox/Hybrid CovidSeq,,TBv1.1,TB003,2024-03-08,,,,,,,,
Yale-TB070,444-2281-18,B02,DNA,Moldova,,NaN,NaN,2.00E-08,200uM,Mpox/Hybrid CovidSeq,,TBv1.1,TB003,2024-03-08,,,,,,,,
Yale-TB071,444-2281-18,B02,DNA,Moldova,,NaN,NaN,1.00E-09,200uM,Mpox/Hybrid CovidSeq,,TBv1.1,TB003,2024-03-08,,,,,,,,
Yale-TB072,444-2281-18,B02,DNA,Moldova,,NaN,NaN,1.00E-10,200uM,Mpox/Hybrid CovidSeq,,TBv1.1,TB003,2024-03-08,,,,,,,,
Yale-TB073,444-2281-18,B02,DNA,Moldova,,NaN,NaN,1.00E-11,200uM,Mpox/Hybrid CovidSeq,,TBv1.1,TB003,2024-03-08,,,,,,,,
Yale-TB074,444-2281-18,B02,DNA,Moldova,,NaN,NaN,1.00E-12,200uM,Mpox/Hybrid CovidSeq,,TBv1.1,TB003,2024-03-08,,,,,,,,
Yale-TB075,444-2588-18,B03,DNA,Moldova,,16.32,853595.024,1.00E-01,200uM,Mpox/Hybrid CovidSeq,,TBv1.1,TB003,2024-03-08,,,,,,,,
Yale-TB076,444-2588-18,B03,DNA,Moldova,,19.32,105979.136,1.00E-02,200uM,Mpox/Hybrid CovidSeq,,TBv1.1,TB003,2024-03-08,,,,,,,,
Yale-TB077,444-2588-18,B03,DNA,Moldova,,22.64,10619.9679,1.00E-03,200uM,Mpox/Hybrid CovidSeq,,TBv1.1,TB003,2024-03-08,,,,,,,,
Yale-TB078,444-2588-18,B03,DNA,Moldova,,25.74,1244.3962,1.00E-04,200uM,Mpox/Hybrid CovidSeq,,TBv1.1,TB003,2024-03-08,,,,,,,,
Yale-TB079,444-2588-18,B03,DNA,Moldova,,28.93,136.276267,1.00E-05,200uM,Mpox/Hybrid CovidSeq,,TBv1.1,TB003,2024-03-08,,,,,,,,
Yale-TB080,444-2588-18,B03,DNA,Moldova,,32.69,10.059548,1.00E-06,200uM,Mpox/Hybrid CovidSeq,,TBv1.1,TB003,2024-03-08,,,,,,,,
Yale-TB081,444-2588-18,B03,DNA,Moldova,,36.03,0.99238381,1.00E-07,200uM,Mpox/Hybrid CovidSeq,,TBv1.1,TB003,2024-03-08,,,,,,,,
Yale-TB082,444-2588-18,B03,DNA,Moldova,,NaN,NaN,2.00E-08,200uM,Mpox/Hybrid CovidSeq,,TBv1.1,TB003,2024-03-08,,,,,,,,
Yale-TB083,444-2588-18,B03,DNA,Moldova,,NaN,NaN,1.00E-09,200uM,Mpox/Hybrid CovidSeq,,TBv1.1,TB003,2024-03-08,,,,,,,,
Yale-TB084,444-2588-18,B03,DNA,Moldova,,NaN,NaN,1.00E-10,200uM,Mpox/Hybrid CovidSeq,,TBv1.1,TB003,2024-03-08,,,,,,,,
Yale-TB085,444-2588-18,B03,DNA,Moldova,,NaN,NaN,1.00E-11,200uM,Mpox/Hybrid CovidSeq,,TBv1.1,TB003,2024-03-08,,,,,,,,
Yale-TB086,444-2588-18,B03,DNA,Moldova,,NaN,NaN,1.00E-12,200uM,Mpox/Hybrid CovidSeq,,TBv1.1,TB003,2024-03-08,,,,,,,,
Yale-TB087,NTC,,Water,Moldova,,NaN,NaN,,200uM,Mpox/Hybrid CovidSeq,,TBv1.1,TB003,2024-03-08,,,,,,,,
Yale-TB088,111-5264-18,A02,DNA,Moldova,,11.99,17157412.2,1.00E-01,0,Hybrid CovidSeq without amplification,,,TB003,2024-03-08,,,,,,,,
Yale-TB089,111-5264-18,A02,DNA,Moldova,,15.28,1751267.94,1.00E-02,0,Hybrid CovidSeq without amplification,,,TB003,2024-03-08,,,,,,,,
Yale-TB090,111-5264-18,A02,DNA,Moldova,,17.49,376850.579,1.00E-03,0,Hybrid CovidSeq without amplification,,,TB003,2024-03-08,,,,,,,,
Yale-TB091,111-5264-18,A02,DNA,Moldova,,20.72,40331.7653,1.00E-04,0,Hybrid CovidSeq without amplification,,,TB003,2024-03-08,,,,,,,,
Yale-TB092,111-5264-18,A02,DNA,Moldova,,23.60,5466.36394,1.00E-05,0,Hybrid CovidSeq without amplification,,,TB003,2024-03-08,,,,,,,,
Yale-TB093,111-5264-18,A02,DNA,Moldova,,27.44,382.357293,1.00E-06,0,Hybrid CovidSeq without amplification,,,TB003,2024-03-08,,,,,,,,
Yale-TB094,111-5264-18,A02,DNA,Moldova,,31.29,26.4917387,1.00E-07,0,Hybrid CovidSeq without amplification,,,TB003,2024-03-08,,,,,,,,
Yale-TB095,111-5264-18,A02,DNA,Moldova,,34.26,3.38498797,2.00E-08,0,Hybrid CovidSeq without amplification,,,TB003,2024-03-08,,,,,,,,
Yale-TB096,111-5264-18,A02,DNA,Moldova,,36.50,0.71833873,1.00E-09,0,Hybrid CovidSeq without amplification,,,TB003,2024-03-08,,,,,,,,
Yale-TB097,111-5264-18,A02,DNA,Moldova,,NaN,NaN,1.00E-10,0,Hybrid CovidSeq without amplification,,,TB003,2024-03-08,,,,,,,,
Yale-TB098,111-5264-18,A02,DNA,Moldova,,NaN,NaN,1.00E-11,0,Hybrid CovidSeq without amplification,,,TB003,2024-03-08,,,,,,,,
Yale-TB099,111-10712-18,A04,DNA,Moldova,,13.88,4632439.88,1.00E-01,0,Hybrid CovidSeq without amplification,,,TB003,2024-03-08,,,,,,,,
Yale-TB100,111-10712-18,A04,DNA,Moldova,,17.06,510463.203,1.00E-02,0,Hybrid CovidSeq without amplification,,,TB003,2024-03-08,,,,,,,,
Yale-TB101,111-10712-18,A04,DNA,Moldova,,19.72,80355.7693,1.00E-03,0,Hybrid CovidSeq without amplification,,,TB003,2024-03-08,,,,,,,,
Yale-TB102,111-10712-18,A04,DNA,Moldova,,22.99,8329.75164,1.00E-04,0,Hybrid CovidSeq without amplification,,,TB003,2024-03-08,,,,,,,,
Yale-TB103,111-10712-18,A04,DNA,Moldova,,26.44,763.516027,1.00E-05,0,Hybrid CovidSeq without amplification,,,TB003,2024-03-08,,,,,,,,
Yale-TB104,111-10712-18,A04,DNA,Moldova,,29.34,102.447062,1.00E-06,0,Hybrid CovidSeq without amplification,,,TB003,2024-03-08,,,,,,,,
Yale-TB105,111-10712-18,A04,DNA,Moldova,,33.01,8.04169095,1.00E-07,0,Hybrid CovidSeq without amplification,,,TB003,2024-03-08,,,,,,,,
Yale-TB106,111-10712-18,A04,DNA,Moldova,,38.53,0.17521005,2.00E-08,0,Hybrid CovidSeq without amplification,,,TB003,2024-03-08,,,,,,,,
Yale-TB107,111-10712-18,A04,DNA,Moldova,,NaN,NaN,1.00E-09,0,Hybrid CovidSeq without amplification,,,TB003,2024-03-08,,,,,,,,
Yale-TB108,111-10712-18,A04,DNA,Moldova,,NaN,NaN,1.00E-10,0,Hybrid CovidSeq without amplification,,,TB003,2024-03-08,,,,,,,,
Yale-TB109,111-10712-18,A04,DNA,Moldova,,NaN,NaN,1.00E-11,0,Hybrid CovidSeq without amplification,,,TB003,2024-03-08,,,,,,,,
Yale-TB110,111-10712-18,A04,DNA,Moldova,,NaN,NaN,1.00E-12,0,Hybrid CovidSeq without amplification,,,TB003,2024-03-08,,,,,,,,
Yale-TB111,Peru-1,A1,Sputum extract,Cayetano,,27.84,584.717684,,200uM,Mpox/Hybrid CovidSeq,2024-07-10,TBv1.1,TB004,2024-06-11,,,,,,,,
Yale-TB112,Peru-2,B1,Sputum extract,Cayetano,,24.02,7194.70525,,200uM,Mpox/Hybrid CovidSeq,,TBv1.1,TB004,2024-06-11,,,,,,,,
Yale-TB113,Peru-3,C1,Sputum extract,Cayetano,,21.11,48601.9708,,200uM,Mpox/Hybrid CovidSeq,,TBv1.1,TB004,2024-06-11,,,,,,,,
Yale-TB114,Peru-4,D1,Sputum extract,Cayetano,,20.57,69598.8056,,200uM,Mpox/Hybrid CovidSeq,,TBv1.1,TB004,2024-06-11,,,,,,,,
Yale-TB115,Peru-5,E1,Sputum extract,Cayetano,,17.50,522728.892,,200uM,Mpox/Hybrid CovidSeq,,TBv1.1,TB004,2024-06-11,,,,,,,,
Yale-TB116,Peru-6,F1,Sputum extract,Cayetano,,17.30,594974.684,,200uM,Mpox/Hybrid CovidSeq,,TBv1.1,TB004,2024-06-11,,,,,,,,
Yale-TB117,Peru-7,G1,Sputum extract,Cayetano,,17.96,386805.495,,200uM,Mpox/Hybrid CovidSeq,,TBv1.1,TB004,2024-06-11,,,,,,,,
Yale-TB118,Peru-8,H1,Sputum extract,Cayetano,,18.16,338311.332,,200uM,Mpox/Hybrid CovidSeq,,TBv1.1,TB004,2024-06-11,,,,,,,,
Yale-TB119,Peru-9,A3,Sputum extract,Cayetano,,23.80,8296.52691,,200uM,Mpox/Hybrid CovidSeq,,TBv1.1,TB004,2024-06-11,,,,,,,,
Yale-TB120,Peru-10,B3,Sputum extract,Cayetano,,17.28,601927.428,,200uM,Mpox/Hybrid CovidSeq,,TBv1.1,TB004,2024-06-11,,,,,,,,
Yale-TB121,Peru-11,C3,Sputum extract,Cayetano,,34.55,7.11329106,,200uM,Mpox/Hybrid CovidSeq,,TBv1.1,TB004,2024-06-11,,,,,,,,
Yale-TB122,Peru-12,D3,Sputum extract,Cayetano,,23.29,11656.8465,,200uM,Mpox/Hybrid CovidSeq,,TBv1.1,TB004,2024-06-11,,,,,,,,
Yale-TB123,Peru-13,E3,Sputum extract,Cayetano,,34.93,5.53874601,,200uM,Mpox/Hybrid CovidSeq,,TBv1.1,TB004,2024-06-11,,,,,,,,
Yale-TB124,Peru-14,F3,Sputum extract,Cayetano,,18.33,301980.336,,200uM,Mpox/Hybrid CovidSeq,,TBv1.1,TB004,2024-06-11,,,,,,,,
Yale-TB125,Peru-15,G3,Sputum extract,Cayetano,,17.28,604181.881,,200uM,Mpox/Hybrid CovidSeq,,TBv1.1,TB004,2024-06-11,,,,,,,,
Yale-TB126,Peru-16,H3,Sputum extract,Cayetano,,19.27,163545.59,,200uM,Mpox/Hybrid CovidSeq,,TBv1.1,TB004,2024-06-11,,,,,,,,
Yale-TB127,Peru-17,A5,Sputum extract,Cayetano,,16.10,1309254.47,,200uM,Mpox/Hybrid CovidSeq,,TBv1.1,TB004,2024-06-11,,,,,,,,
Yale-TB128,Peru-18,B5,Sputum extract,Cayetano,,24.51,5218.79261,,200uM,Mpox/Hybrid CovidSeq,,TBv1.1,TB004,2024-06-11,,,,,,,,
Yale-TB129,Peru-19,C5,Sputum extract,Cayetano,,24.63,4822.26405,,200uM,Mpox/Hybrid CovidSeq,,TBv1.1,TB004,2024-06-11,,,,,,,,
Yale-TB130,Peru-20,D5,Sputum extract,Cayetano,,20.57,69233.8227,,200uM,Mpox/Hybrid CovidSeq,,TBv1.1,TB004,2024-06-11,,,,,,,,
Yale-TB131,Peru-21,E5,Sputum extract,Cayetano,,21.66,33806.7496,,200uM,Mpox/Hybrid CovidSeq,,TBv1.1,TB004,2024-06-11,,,,,,,,
Yale-TB132,Peru-22,F5,Sputum extract,Cayetano,,21.96,27813.7709,,200uM,Mpox/Hybrid CovidSeq,,TBv1.1,TB004,2024-06-11,,,,,,,,
Yale-TB133,Peru-23,G5,Sputum extract,Cayetano,,19.10,182768.868,,200uM,Mpox/Hybrid CovidSeq,,TBv1.1,TB004,2024-06-11,,,,,,,,
Yale-TB134,Peru-24,H5,Sputum extract,Cayetano,,21.57,35905.4998,,200uM,Mpox/Hybrid CovidSeq,,TBv1.1,TB004,2024-06-11,,,,,,,,
Yale-TB135,Peru-25,A7,Sputum extract,Cayetano,,14.22,4497648.77,,200uM,Mpox/Hybrid CovidSeq,,TBv1.1,TB004,2024-06-11,,,,,,,,
Yale-TB136,Peru-26,B7,Sputum extract,Cayetano,,15.77,1626345.47,,200uM,Mpox/Hybrid CovidSeq,,TBv1.1,TB004,2024-06-11,,,,,,,,
Yale-TB137,Peru-27,C7,Sputum extract,Cayetano,,24.67,4694.20906,,200uM,Mpox/Hybrid CovidSeq,,TBv1.1,TB004,2024-06-11,,,,,,,,
Yale-TB138,Peru-28,D7,Sputum extract,Cayetano,,21.41,40051.533,,200uM,Mpox/Hybrid CovidSeq,,TBv1.1,TB004,2024-06-11,,,,,,,,
Yale-TB139,Peru-29,E7,Sputum extract,Cayetano,,18.67,241808.978,,200uM,Mpox/Hybrid CovidSeq,,TBv1.1,TB004,2024-06-11,,,,,,,,
Yale-TB140,Peru-30,F7,Sputum extract,Cayetano,,27.20,888.109778,,200uM,Mpox/Hybrid CovidSeq,,TBv1.1,TB004,2024-06-11,,,,,,,,
Yale-TB141,Peru-31,G7,Sputum extract,Cayetano,,21.81,30670.0514,,200uM,Mpox/Hybrid CovidSeq,,TBv1.1,TB004,2024-06-11,,,,,,,,
Yale-TB142,Peru-32,H7,Sputum extract,Cayetano,,21.76,31661.7591,,200uM,Mpox/Hybrid CovidSeq,,TBv1.1,TB004,2024-06-11,,,,,,,,
Yale-TB143,Peru-33,A9,Sputum extract,Cayetano,,19.59,132078.977,,200uM,Mpox/Hybrid CovidSeq,,TBv1.1,TB004,2024-06-11,,,,,,,,
Yale-TB144,Peru-34,B9,Sputum extract,Cayetano,,22.32,21971.4888,,200uM,Mpox/Hybrid CovidSeq,,TBv1.1,TB004,2024-06-11,,,,,,,,
Yale-TB145,Peru-35,C9,Sputum extract,Cayetano,,15.81,1582648.48,,200uM,Mpox/Hybrid CovidSeq,,TBv1.1,TB004,2024-06-11,,,,,,,,
Yale-TB146,Peru-36,D9,Sputum extract,Cayetano,,16.79,830194.199,,200uM,Mpox/Hybrid CovidSeq,,TBv1.1,TB004,2024-06-11,,,,,,,,
Yale-TB147,Peru-37,E9,Sputum extract,Cayetano,,25.68,2420.92143,,200uM,Mpox/Hybrid CovidSeq,,TBv1.1,TB004,2024-06-11,,,,,,,,
Yale-TB148,Peru-38,F9,Sputum extract,Cayetano,,17.98,380041.189,,200uM,Mpox/Hybrid CovidSeq,,TBv1.1,TB004,2024-06-11,,,,,,,,
Yale-TB149,Peru-39,G9,Sputum extract,Cayetano,,34.33,8.22838806,,200uM,Mpox/Hybrid CovidSeq,,TBv1.1,TB004,2024-06-11,,,,,,,,
Yale-TB150,Peru-40,H9,Sputum extract,Cayetano,,34.68,6.51461799,,200uM,Mpox/Hybrid CovidSeq,,TBv1.1,TB004,2024-06-11,,,,,,,,
Yale-TB151,AFB1 + 444-2281-18 e-3,,Sputum extract,YNHH,,NaN,,,200uM,Mpox/Hybrid CovidSeq,,TBv1.1,TB004,2024-06-11,,,,,,,,
Yale-TB152,AFB3 + 444-2281-18 e-3,,Sputum extract,YNHH,,NaN,,,200uM,Mpox/Hybrid CovidSeq,,TBv1.1,TB004,2024-06-11,,,,,,,,
Yale-TB153,AFB4 + 444-2281-18 e-3,,Sputum extract,YNHH,,NaN, ,,200uM,Mpox/Hybrid CovidSeq,,TBv1.1,TB004,2024-06-11,,,,,,,,
Yale-TB154,AFB5 + 444-2281-18 e-3,,Sputum extract,YNHH,,NaN,,,200uM,Mpox/Hybrid CovidSeq,,TBv1.1,TB004,2024-06-11,,,,,,,,
Yale-TB155,AFB6,,Sputum extract,YNHH,,NaN,,,200uM,Mpox/Hybrid CovidSeq,,TBv1.1,TB004,2024-06-11,,,,,,,,
Yale-TB156,AFB7,,Sputum extract,YNHH,,NaN,,,200uM,Mpox/Hybrid CovidSeq,,TBv1.1,TB004,2024-06-11,,,,,,,,
Yale-TB157,AFB8,,Sputum extract,YNHH,,NaN,,,200uM,Mpox/Hybrid CovidSeq,,TBv1.1,TB004,2024-06-10,,,,,,,,
Yale-TB158,AFB9,,Sputum extract,YNHH,,NaN,,,200uM,Mpox/Hybrid CovidSeq,,TBv1.1,TB004,2024-06-11,,,,,,,,
Yale-TB159,NTC,,Water,,,,,,200uM,Mpox/Hybrid CovidSeq,,TBv1.1,TB004,2024-06-11,,,,,,,,
Yale-TB160,Peru-41,,Sputum extract,Cayetano,,19.34,154839.733,,200uM,Mpox/Hybrid CovidSeq,2024-07-10,TBv1.1,TB005,2024-07-11,142,130,,,lineage4.1.1;lineage4.10,87.84,,
Yale-TB161,Peru-42,,Sputum extract,Cayetano,,18.60,256626.25,,200uM,Mpox/Hybrid CovidSeq,2024-07-10,TBv1.1,TB005,2024-07-11,103,102,,,lineage4.3.2,97.79,,
Yale-TB162,Peru-43,,Sputum extract,Cayetano,,20.49,70311.609,,200uM,Mpox/Hybrid CovidSeq,2024-07-10,TBv1.1,TB005,2024-07-11,113,109,,,lineage4.1.2.1,96.27,,
Yale-TB163,Peru-44,,Sputum extract,Cayetano,,20.47,71332.6551,,200uM,Mpox/Hybrid CovidSeq,2024-07-10,TBv1.1,TB005,2024-07-11,93.2,99.4,,,lineage4.1.1,98.06,,
Yale-TB164,Peru-45,,Sputum extract,Cayetano,,21.68,31163.203,,200uM,Mpox/Hybrid CovidSeq,2024-07-10,TBv1.1,TB005,2024-07-11,89,82.4,,,lineage4.3.2,97.45,,
Yale-TB165,Peru-46,,Sputum extract,Cayetano,,19.13,178117.826,,200uM,Mpox/Hybrid CovidSeq,2024-07-10,TBv1.1,TB005,2024-07-11,121,113,,,lineage4.10;lineage4.3,33.66,,
Yale-TB166,Peru-47,,Sputum extract,Cayetano,,26.96,842.412762,,200uM,Mpox/Hybrid CovidSeq,2024-07-10,TBv1.1,TB005,2024-07-11,82.2,79.4,,,lineage4.10,78.85,,
Yale-TB167,Peru-48,,Sputum extract,Cayetano,,20.94,51807.2047,,200uM,Mpox/Hybrid CovidSeq,2024-07-10,TBv1.1,TB005,2024-07-11,102,105,,,lineage4.3.3,96.35,,
Yale-TB168,Peru-49,,Sputum extract,Cayetano,,19.43,145411.677,,200uM,Mpox/Hybrid CovidSeq,2024-07-10,TBv1.1,TB005,2024-07-11,87.2,92.6,,,lineage4.10,97.27,,
Yale-TB169,Peru-50,,Sputum extract,Cayetano,,20.83,55663.3961,,200uM,Mpox/Hybrid CovidSeq,2024-07-10,TBv1.1,TB005,2024-07-11,92.4,89,,,lineage4.3.2,96.75,,
Yale-TB170,Peru-51,,Sputum extract,Cayetano,,18.66,245859.188,,200uM,Mpox/Hybrid CovidSeq,2024-07-10,TBv1.1,TB005,2024-07-11,99.6,100,,,lineage4.1.1,97.88,,
Yale-TB171,Peru-52,,Sputum extract,Cayetano,,18.32,310986.314,,200uM,Mpox/Hybrid CovidSeq,2024-07-10,TBv1.1,TB005,2024-07-11,98.6,98.6,,,lineage4.3.2,98.17,,
Yale-TB172,Peru-53,,Sputum extract,Cayetano,,20.77,58066.6339,,200uM,Mpox/Hybrid CovidSeq,2024-07-10,TBv1.1,TB005,2024-07-11,116,113,,,lineage4.1.2.1;lineage4.10,87.87,,
Yale-TB173,Peru-54,,Sputum extract,Cayetano,,20.42,73951.0446,,200uM,Mpox/Hybrid CovidSeq,2024-07-10,TBv1.1,TB005,2024-07-11,104,93.4,,,lineage4.10,57.01,,
Yale-TB174,Peru-55,,Sputum extract,Cayetano,,22.06,24021.5074,,200uM,Mpox/Hybrid CovidSeq,2024-07-10,TBv1.1,TB005,2024-07-11,84.6,83.4,,,lineage4.3.2,97.12,,
Yale-TB175,Peru-56,,Sputum extract,Cayetano,,18.59,257744.585,,200uM,Mpox/Hybrid CovidSeq,2024-07-10,TBv1.1,TB005,2024-07-11,116,108,,,lineage4.10,33.81,,
Yale-TB176,Peru-57,,Sputum extract,Cayetano,,26.98,828.871049,,200uM,Mpox/Hybrid CovidSeq,2024-07-10,TBv1.1,TB005,2024-07-11,99.6,90.2,,,lineage4,66.23,,
Yale-TB177,Peru-58,,Sputum extract,Cayetano,,21.59,33249.8121,,200uM,Mpox/Hybrid CovidSeq,2024-07-10,TBv1.1,TB005,2024-07-11,88.8,70,,,lineage4.10,58.29,,
Yale-TB178,Peru-59,,Sputum extract,Cayetano,,18.27,321880.962,,200uM,Mpox/Hybrid CovidSeq,2024-07-10,TBv1.1,TB005,2024-07-11,104,104,,,lineage4.10,97.61,,
Yale-TB179,Peru-60,,Sputum extract,Cayetano,,20.59,65844.3836,,200uM,Mpox/Hybrid CovidSeq,2024-07-10,TBv1.1,TB005,2024-07-11,137,122,,,lineage4.10;lineage4.3.2,55.06,,
Yale-TB180,NTC_005,,Water,,,,,,200uM,Mpox/Hybrid CovidSeq,2024-07-10,TBv1.1,TB005,2024-07-11,140,127,,,Unknown,0.06,,
Yale-TB181,Peru-2,,Sputum extract,Cayetano,,24.02,,,No Primer Amplification,Hybrid CovidSeq without amplification,2024-09-02,N/A,TB006,2024-09-05,20.2,N/A,,,,,,
Yale-TB182,Peru-3,,Sputum extract,Cayetano,,21.11,,,No Primer Amplification,Hybrid CovidSeq without amplification,2024-09-02,N/A,TB006,2024-09-05,12.6,N/A,,,,,,
Yale-TB183,Peru-4,,Sputum extract,Cayetano,,20.57,,,No Primer Amplification,Hybrid CovidSeq without amplification,2024-09-02,N/A,TB006,2024-09-05,59.8,N/A,,,,,,
Yale-TB184,Peru-6,,Sputum extract,Cayetano,,17.30,,,No Primer Amplification,Hybrid CovidSeq without amplification,2024-09-02,N/A,TB006,2024-09-05,56.6,N/A,,,,,,
Yale-TB185,Peru-8,,Sputum extract,Cayetano,,18.16,,,No Primer Amplification,Hybrid CovidSeq without amplification,2024-09-02,N/A,TB006,2024-09-05,30,N/A,,,,,,
Yale-TB186,Peru-14,,Sputum extract,Cayetano,,18.33,,,No Primer Amplification,Hybrid CovidSeq without amplification,2024-09-02,N/A,TB006,2024-09-05,20.4,N/A,,,,,,
Yale-TB187,Peru-15,,Sputum extract,Cayetano,,17.28,,,No Primer Amplification,Hybrid CovidSeq without amplification,2024-09-02,N/A,TB006,2024-09-05,32.2,N/A,,,,,,
Yale-TB188,Peru-18,,Sputum extract,Cayetano,,24.51,,,No Primer Amplification,Hybrid CovidSeq without amplification,2024-09-02,N/A,TB006,2024-09-05,2.9,N/A,,,,,,
Yale-TB189,Peru-20,,Sputum extract,Cayetano,,20.57,,,No Primer Amplification,Hybrid CovidSeq without amplification,2024-09-02,N/A,TB006,2024-09-05,6.42,N/A,,,,,,
Yale-TB190,Peru-21,,Sputum extract,Cayetano,,21.66,,,No Primer Amplification,Hybrid CovidSeq without amplification,2024-09-02,N/A,TB006,2024-09-05,9.1,N/A,,,,,,
Yale-TB191,Peru-28,,Sputum extract,Cayetano,,21.41,,,No Primer Amplification,Hybrid CovidSeq without amplification,2024-09-02,N/A,TB006,2024-09-05,52.6,N/A,,,,,,
Yale-TB192,Peru-29,,Sputum extract,Cayetano,,18.67,,,No Primer Amplification,Hybrid CovidSeq without amplification,2024-09-02,N/A,TB006,2024-09-05,97.4,N/A,,,,,,
Yale-TB193,Peru-31,,Sputum extract,Cayetano,,21.81,,,No Primer Amplification,Hybrid CovidSeq without amplification,2024-09-02,N/A,TB006,2024-09-05,10,N/A,,,,,,
Yale-TB194,Peru-32,,Sputum extract,Cayetano,,21.76,,,No Primer Amplification,Hybrid CovidSeq without amplification,2024-09-02,N/A,TB006,2024-09-05,41,N/A,,,,,,
Yale-TB195,Peru-35,,Sputum extract,Cayetano,,15.81,,,No Primer Amplification,Hybrid CovidSeq without amplification,2024-09-02,N/A,TB006,2024-09-05,18.2,N/A,,,,,,
Yale-TB196,Peru-36,,Sputum extract,Cayetano,,16.79,,,No Primer Amplification,Hybrid CovidSeq without amplification,2024-09-02,N/A,TB006,2024-09-05,9.72,N/A,,,,,,
Yale-TB197,Peru-37,,Sputum extract,Cayetano,,25.68,,,No Primer Amplification,Hybrid CovidSeq without amplification,2024-09-02,N/A,TB006,2024-09-05,6.44,N/A,,,,,,
Yale-TB198,Peru-40,,Sputum extract,Cayetano,,34.68,,,No Primer Amplification,Hybrid CovidSeq without amplification,2024-09-02,N/A,TB006,2024-09-05,33.2,N/A,,,,,,
Yale-TB199,Peru-41,,Sputum extract,Cayetano,,19.34,,,No Primer Amplification,Hybrid CovidSeq without amplification,2024-09-02,N/A,TB006,2024-09-05,9.16,N/A,,,,,,
Yale-TB200,Peru-42,,Sputum extract,Cayetano,,18.60,,,No Primer Amplification,Hybrid CovidSeq without amplification,2024-09-02,N/A,TB006,2024-09-05,3.26,N/A,,,,,,
Yale-TB201,Peru-43,,Sputum extract,Cayetano,,20.49,,,No Primer Amplification,Hybrid CovidSeq without amplification,2024-09-02,N/A,TB006,2024-09-05,2.7,N/A,,,,,,
Yale-TB202,Peru-44,,Sputum extract,Cayetano,,20.47,,,No Primer Amplification,Hybrid CovidSeq without amplification,2024-09-02,N/A,TB006,2024-09-05,0.342,N/A,,,,,,
Yale-TB203,Peru-45,,Sputum extract,Cayetano,,21.68,,,No Primer Amplification,Hybrid CovidSeq without amplification,2024-09-02,N/A,TB006,2024-09-05,4.8,N/A,,,,,,
Yale-TB204,Peru-46,,Sputum extract,Cayetano,,19.13,,,No Primer Amplification,Hybrid CovidSeq without amplification,2024-09-02,N/A,TB006,2024-09-05,32,N/A,,,,,,
Yale-TB205,Peru-47,,Sputum extract,Cayetano,,26.96,,,No Primer Amplification,Hybrid CovidSeq without amplification,2024-09-02,N/A,TB006,2024-09-05,0.854,N/A,,,,,,
Yale-TB206,Peru-48,,Sputum extract,Cayetano,,20.94,,,No Primer Amplification,Hybrid CovidSeq without amplification,2024-09-02,N/A,TB006,2024-09-05,3.36,N/A,,,,,,
Yale-TB207,Peru-49,,Sputum extract,Cayetano,,19.43,,,No Primer Amplification,Hybrid CovidSeq without amplification,2024-09-02,N/A,TB006,2024-09-05,10.6,N/A,,,,,,
Yale-TB208,Peru-50,,Sputum extract,Cayetano,,20.83,,,No Primer Amplification,Hybrid CovidSeq without amplification,2024-09-02,N/A,TB006,2024-09-05,6.98,N/A,,,,,,
Yale-TB209,Peru-51,,Sputum extract,Cayetano,,18.66,,,No Primer Amplification,Hybrid CovidSeq without amplification,2024-09-02,N/A,TB006,2024-09-05,11.7,N/A,,,,,,
Yale-TB210,Peru-52,,Sputum extract,Cayetano,,18.32,,,No Primer Amplification,Hybrid CovidSeq without amplification,2024-09-02,N/A,TB006,2024-09-05,6.74,N/A,,,,,,
Yale-TB211,Peru-53,,Sputum extract,Cayetano,,20.77,,,No Primer Amplification,Hybrid CovidSeq without amplification,2024-09-02,N/A,TB006,2024-09-05,1.28,N/A,,,,,,
Yale-TB212,Peru-54,,Sputum extract,Cayetano,,20.42,,,No Primer Amplification,Hybrid CovidSeq without amplification,2024-09-02,N/A,TB006,2024-09-05,0.574,N/A,,,,,,
Yale-TB213,Peru-55,,Sputum extract,Cayetano,,22.06,,,No Primer Amplification,Hybrid CovidSeq without amplification,2024-09-02,N/A,TB006,2024-09-05,3.1,N/A,,,,,,
Yale-TB214,Peru-56,,Sputum extract,Cayetano,,18.59,,,No Primer Amplification,Hybrid CovidSeq without amplification,2024-09-02,N/A,TB006,2024-09-05,26.2,N/A,,,,,,
Yale-TB215,Peru-57,,Sputum extract,Cayetano,,26.98,,,No Primer Amplification,Hybrid CovidSeq without amplification,2024-09-02,N/A,TB006,2024-09-05,0.674,N/A,,,,,,
Yale-TB216,Peru-58,,Sputum extract,Cayetano,,21.59,,,No Primer Amplification,Hybrid CovidSeq without amplification,2024-09-02,N/A,TB006,2024-09-05,0.54,N/A,,,,,,
Yale-TB217,Peru-59,,Sputum extract,Cayetano,,18.27,,,No Primer Amplification,Hybrid CovidSeq without amplification,2024-09-02,N/A,TB006,2024-09-05,7.92,N/A,,,,,,
Yale-TB218,Peru-60,,Sputum extract,Cayetano,,20.59,,,No Primer Amplification,Hybrid CovidSeq without amplification,2024-09-02,N/A,TB006,2024-09-05,1.4,N/A,,,,,,
Yale-TB219,NTC_006,,Water,,,,,,No Primer Amplification,Hybrid CovidSeq without amplification,2024-09-02,N/A,TB006,2024-09-05,0.0744,N/A,,,,,,
Yale-TB220,Pool_1_1.1,A2,Sputum extract,Cayetano,,18.03,1083691.46,,200uM,Mpox/Hybrid CovidSeq,2025-03-05,TBv1.1,TB007,,,,,,,,,
Yale-TB221,Pool_1_1.2,A3,Sputum extract,Cayetano,,18.18,979543.18,,200uM,Mpox/Hybrid CovidSeq,2025-03-05,TBv1.1,TB007,,,,,,,,,
Yale-TB222,Pool_1_1.3,A4,Sputum extract,Cayetano,,17.73,1321372.63,,200uM,Mpox/Hybrid CovidSeq,2025-03-05,TBv1.1,TB007,,,,,,,,,
Yale-TB223,Pool_1_1.4,A5,Sputum extract,Cayetano,,18.09,1043630.15,,200uM,Mpox/Hybrid CovidSeq,2025-03-05,TBv1.1,TB007,,,,,,,,,
Yale-TB224,Pool_1_1.5,A6,Sputum extract,Cayetano,,17.87,1200570.12,,200uM,Mpox/Hybrid CovidSeq,2025-03-05,TBv1.1,TB007,,,,,,,,,
Yale-TB225,Pool_1_2.1,A7,Sputum extract,Cayetano,,18.31,899836.255,,200uM,Mpox/Hybrid CovidSeq,2025-03-05,TBv1.1,TB007,,,,,,,,,
Yale-TB226,Pool_1_2.2,A8,Sputum extract,Cayetano,,18.93,595142.674,,200uM,Mpox/Hybrid CovidSeq,2025-03-05,TBv1.1,TB007,,,,,,,,,
Yale-TB227,Pool_1_2.3,A9,Sputum extract,Cayetano,,18.64,719453.531,,200uM,Mpox/Hybrid CovidSeq,2025-03-05,TBv1.1,TB007,,,,,,,,,
Yale-TB228,Pool_1_2.4,B2,Sputum extract,Cayetano,,18.80,648588.183,,200uM,Mpox/Hybrid CovidSeq,2025-03-05,TBv1.1,TB007,,,,,,,,,
Yale-TB229,Pool_1_2.5,B3,Sputum extract,Cayetano,,19.08,537244.567,,200uM,Mpox/Hybrid CovidSeq,2025-03-05,TBv1.1,TB007,,,,,,,,,
Yale-TB230,Pool_1_3.3,B4,Sputum extract,Cayetano,,27.59,1849.0427,,200uM,Mpox/Hybrid CovidSeq,2025-03-05,TBv1.1,TB007,,,,,,,,,
Yale-TB231,Pool_1_3.4,B5,Sputum extract,Cayetano,,27.97,1437.717,,200uM,Mpox/Hybrid CovidSeq,2025-03-05,TBv1.1,TB007,,,,,,,,,
Yale-TB232,Pool_1_4.3,B6,Sputum extract,Cayetano,,27.39,2121.91537,,200uM,Mpox/Hybrid CovidSeq,2025-03-05,TBv1.1,TB007,,,,,,,,,
Yale-TB233,Pool_1_4.4,B7,Sputum extract,Cayetano,,27.67,1756.71051,,200uM,Mpox/Hybrid CovidSeq,2025-03-05,TBv1.1,TB007,,,,,,,,,
Yale-TB234,Pool_2_1.1,C2,Sputum extract,Cayetano,,18.76,667238.986,,200uM,Mpox/Hybrid CovidSeq,2025-03-05,TBv1.1,TB007,,,,,,,,,
Yale-TB235,Pool_2_1.2,C3,Sputum extract,Cayetano,,18.85,625398.503,,200uM,Mpox/Hybrid CovidSeq,2025-03-05,TBv1.1,TB007,,,,,,,,,
Yale-TB236,Pool_2_1.3,C4,Sputum extract,Cayetano,,18.66,709172.304,,200uM,Mpox/Hybrid CovidSeq,2025-03-05,TBv1.1,TB007,,,,,,,,,
Yale-TB237,Pool_2_1.4,C5,Sputum extract,Cayetano,,18.64,723057.308,,200uM,Mpox/Hybrid CovidSeq,2025-03-05,TBv1.1,TB007,,,,,,,,,
Yale-TB238,Pool_2_1.5,C6,Sputum extract,Cayetano,,18.24,943740.495,,200uM,Mpox/Hybrid CovidSeq,2025-03-05,TBv1.1,TB007,,,,,,,,,
Yale-TB239,Pool_2_2.1,C7,Sputum extract,Cayetano,,19.65,367225.658,,200uM,Mpox/Hybrid CovidSeq,2025-03-05,TBv1.1,TB007,,,,,,,,,
Yale-TB240,Pool_2_2.2,C8,Sputum extract,Cayetano,,19.94,303991.059,,200uM,Mpox/Hybrid CovidSeq,2025-03-05,TBv1.1,TB007,,,,,,,,,
Yale-TB241,Pool_2_2.3,C9,Sputum extract,Cayetano,,19.53,399213.885,,200uM,Mpox/Hybrid CovidSeq,2025-03-05,TBv1.1,TB007,,,,,,,,,
Yale-TB242,Pool_2_2.4,C10,Sputum extract,Cayetano,,19.98,295583.011,,200uM,Mpox/Hybrid CovidSeq,2025-03-05,TBv1.1,TB007,,,,,,,,,
Yale-TB243,Pool_2_2.5,C11,Sputum extract,Cayetano,,19.52,400569.059,,200uM,Mpox/Hybrid CovidSeq,2025-03-05,TBv1.1,TB007,,,,,,,,,
Yale-TB244,Pool_2_5.1,D2,Sputum extract,Cayetano,,20.33,233494.329,,200uM,Mpox/Hybrid CovidSeq,2025-03-05,TBv1.1,TB007,,,,,,,,,
Yale-TB245,Pool_2_5.2,D3,Sputum extract,Cayetano,,20.03,285002.862,,200uM,Mpox/Hybrid CovidSeq,2025-03-05,TBv1.1,TB007,,,,,,,,,
Yale-TB246,Pool_2_5.3,D4,Sputum extract,Cayetano,,19.88,316168.135,,200uM,Mpox/Hybrid CovidSeq,2025-03-05,TBv1.1,TB007,,,,,,,,,
Yale-TB247,Pool_2_5.4,D5,Sputum extract,Cayetano,,19.68,360356.305,,200uM,Mpox/Hybrid CovidSeq,2025-03-05,TBv1.1,TB007,,,,,,,,,
Yale-TB248,Pool_2_5.5,D6,Sputum extract,Cayetano,,19.33,456116.71,,200uM,Mpox/Hybrid CovidSeq,2025-03-05,TBv1.1,TB007,,,,,,,,,
Yale-TB249,Pool_2_6.2,D7,Sputum extract,Cayetano,,19.96,299572.693,,200uM,Mpox/Hybrid CovidSeq,2025-03-05,TBv1.1,TB007,,,,,,,,,
Yale-TB250,Pool_2_6.3,D8,Sputum extract,Cayetano,,20.18,258995.824,,200uM,Mpox/Hybrid CovidSeq,2025-03-05,TBv1.1,TB007,,,,,,,,,
Yale-TB251,Pool_2_6.4,D9,Sputum extract,Cayetano,,20.11,270636.431,,200uM,Mpox/Hybrid CovidSeq,2025-03-05,TBv1.1,TB007,,,,,,,,,
Yale-TB252,Pool_2_6.5,D10,Sputum extract,Cayetano,,20.22,251456.891,,200uM,Mpox/Hybrid CovidSeq,2025-03-05,TBv1.1,TB007,,,,,,,,,
Yale-TB253,Pool_3_1.1,E2,Sputum extract,Cayetano,,19.77,340377.23,,200uM,Mpox/Hybrid CovidSeq,2025-03-05,TBv1.1,TB007,,,,,,,,,
Yale-TB254,Pool_3_1.2,E3,Sputum extract,Cayetano,,19.73,348711.739,,200uM,Mpox/Hybrid CovidSeq,2025-03-05,TBv1.1,TB007,,,,,,,,,
Yale-TB255,Pool_3_1.3,E4,Sputum extract,Cayetano,,19.97,297392.63,,200uM,Mpox/Hybrid CovidSeq,2025-03-05,TBv1.1,TB007,,,,,,,,,
Yale-TB256,Pool_3_1.4,E5,Sputum extract,Cayetano,,19.19,499365.915,,200uM,Mpox/Hybrid CovidSeq,2025-03-05,TBv1.1,TB007,,,,,,,,,
Yale-TB257,Pool_3_1.5,E6,Sputum extract,Cayetano,,19.25,480877.72,,200uM,Mpox/Hybrid CovidSeq,2025-03-05,TBv1.1,TB007,,,,,,,,,
Yale-TB258,Pool_3_2.1,E7,Sputum extract,Cayetano,,19.97,297197.859,,200uM,Mpox/Hybrid CovidSeq,2025-03-05,TBv1.1,TB007,,,,,,,,,
Yale-TB259,Pool_3_2.2,E8,Sputum extract,Cayetano,,20.25,247005.739,,200uM,Mpox/Hybrid CovidSeq,2025-03-05,TBv1.1,TB007,,,,,,,,,
Yale-TB260,Pool_3_2.3,E9,Sputum extract,Cayetano,,20.03,284793.772,,200uM,Mpox/Hybrid CovidSeq,2025-03-05,TBv1.1,TB007,,,,,,,,,
Yale-TB261,Pool_3_2.4,E10,Sputum extract,Cayetano,,19.72,350860.771,,200uM,Mpox/Hybrid CovidSeq,2025-03-05,TBv1.1,TB007,,,,,,,,,
Yale-TB262,Pool_3_2.5,E11,Sputum extract,Cayetano,,19.94,303172.157,,200uM,Mpox/Hybrid CovidSeq,2025-03-05,TBv1.1,TB007,,,,,,,,,
Yale-TB263,Pool_3_5A.2,F2,Sputum extract,Cayetano,,21.57,102188.058,,200uM,Mpox/Hybrid CovidSeq,2025-03-05,TBv1.1,TB007,,,,,,,,,
Yale-TB264,Pool_3_5A.3,F3,Sputum extract,Cayetano,,21.25,127053.353,,200uM,Mpox/Hybrid CovidSeq,2025-03-05,TBv1.1,TB007,,,,,,,,,
Yale-TB265,Pool_3_5B.1,F4,Sputum extract,Cayetano,,22.37,60196.8138,,200uM,Mpox/Hybrid CovidSeq,2025-03-05,TBv1.1,TB007,,,,,,,,,
Yale-TB266,Pool_3_5B.2,F5,Sputum extract,Cayetano,,21.48,108437.645,,200uM,Mpox/Hybrid CovidSeq,2025-03-05,TBv1.1,TB007,,,,,,,,,
Yale-TB267,Pool_3_5B.3,F6,Sputum extract,Cayetano,,21.73,91812.3439,,200uM,Mpox/Hybrid CovidSeq,2025-03-05,TBv1.1,TB007,,,,,,,,,
Yale-TB268,Pool_3_5B.4,F7,Sputum extract,Cayetano,,21.87,83652.2699,,200uM,Mpox/Hybrid CovidSeq,2025-03-05,TBv1.1,TB007,,,,,,,,,
Yale-TB269,Pool_3_5B.5,F8,Sputum extract,Cayetano,,21.55,103447.749,,200uM,Mpox/Hybrid CovidSeq,2025-03-05,TBv1.1,TB007,,,,,,,,,
Yale-TB270,Pool_4_1.1,G2,Sputum extract,Cayetano,,19.24,483783.127,,200uM,Mpox/Hybrid CovidSeq,2025-03-05,TBv1.1,TB007,,,,,,,,,
Yale-TB271,Pool_4_1.2,G3,Sputum extract,Cayetano,,19.76,342134.548,,200uM,Mpox/Hybrid CovidSeq,2025-03-05,TBv1.1,TB007,,,,,,,,,
Yale-TB272,Pool_4_1.3,G4,Sputum extract,Cayetano,,19.27,473490.597,,200uM,Mpox/Hybrid CovidSeq,2025-03-05,TBv1.1,TB007,,,,,,,,,
Yale-TB273,Pool_4_1.4,G5,Sputum extract,Cayetano,,19.02,561170.986,,200uM,Mpox/Hybrid CovidSeq,2025-03-05,TBv1.1,TB007,,,,,,,,,
Yale-TB274,Pool_4_1A.1,G6,Sputum extract,Cayetano,,20.47,212929.068,,200uM,Mpox/Hybrid CovidSeq,2025-03-05,TBv1.1,TB007,,,,,,,,,
Yale-TB275,Pool_4_1A.2,G7,Sputum extract,Cayetano,,21.72,92415.4664,,200uM,Mpox/Hybrid CovidSeq,2025-03-05,TBv1.1,TB007,,,,,,,,,
Yale-TB276,Pool_4_1A.3,G8,Sputum extract,Cayetano,,21.22,128967.106,,200uM,Mpox/Hybrid CovidSeq,2025-03-05,TBv1.1,TB007,,,,,,,,,
Yale-TB277,Pool_4_1A.4,G9,Sputum extract,Cayetano,,20.76,175385.39,,200uM,Mpox/Hybrid CovidSeq,2025-03-05,TBv1.1,TB007,,,,,,,,,
Yale-TB278,Pool_4_1B.1,G10,Sputum extract,Cayetano,,20.20,254173.207,,200uM,Mpox/Hybrid CovidSeq,2025-03-05,TBv1.1,TB007,,,,,,,,,
Yale-TB279,Pool_4_1B.2,G11,Sputum extract,Cayetano,,19.95,300649.369,,200uM,Mpox/Hybrid CovidSeq,2025-03-05,TBv1.1,TB007,,,,,,,,,
Yale-TB280,Pool_4_1B.3,H2,Sputum extract,Cayetano,,19.91,309072.563,,200uM,Mpox/Hybrid CovidSeq,2025-03-05,TBv1.1,TB007,,,,,,,,,
Yale-TB281,Pool_4_1B.4,H3,Sputum extract,Cayetano,,20.57,199609.655,,200uM,Mpox/Hybrid CovidSeq,2025-03-05,TBv1.1,TB007,,,,,,,,,
Yale-TB282,Pool_4_1C.1,H4,Sputum extract,Cayetano,,19.99,293756.992,,200uM,Mpox/Hybrid CovidSeq,2025-03-05,TBv1.1,TB007,,,,,,,,,
Yale-TB283,Pool_4_1C.2,H5,Sputum extract,Cayetano,,20.28,241557.756,,200uM,Mpox/Hybrid CovidSeq,2025-03-05,TBv1.1,TB007,,,,,,,,,
Yale-TB284,Pool_4_1C.3,H6,Sputum extract,Cayetano,,19.37,442546.354,,200uM,Mpox/Hybrid CovidSeq,2025-03-05,TBv1.1,TB007,,,,,,,,,
Yale-TB285,Pool_4_1C.4,H7,Sputum extract,Cayetano,,19.59,383876.857,,200uM,Mpox/Hybrid CovidSeq,2025-03-05,TBv1.1,TB007,,,,,,,,,
Yale-TB286,NTC_007,,Water,,,,,,200uM,Mpox/Hybrid CovidSeq,2025-03-05,TBv1.1,TB007,,,,,,,,,